venda_id,cliente_id,data_venda,valor_total,hora_venda,status,canal,unidade_id,categoria_principal
V-001,CLI-001,2026-04-05,149.90,18:20,concluida,loja,UNI-CENTRO,plano_mensal
V-002,CLI-001,2026-05-05,149.90,18:34,concluida,loja,UNI-CENTRO,plano_mensal
V-003,CLI-001,2026-06-05,159.90,18:12,concluida,site,UNI-CENTRO,plano_mensal
V-004,CLI-001,2026-07-05,159.90,18:45,concluida,site,UNI-CENTRO,plano_mensal
V-005,CLI-001,2026-08-05,159.90,18:29,concluida,whatsapp,UNI-CENTRO,plano_mensal
V-006,CLI-001,2026-09-05,159.90,18:18,concluida,loja,UNI-CENTRO,plano_mensal
V-007,CLI-002,2026-02-10,89.90,19:05,concluida,loja,UNI-NORTE,servico_avulso
V-008,CLI-002,2026-03-10,89.90,19:12,concluida,loja,UNI-NORTE,servico_avulso
V-009,CLI-002,2026-04-10,99.90,19:08,concluida,whatsapp,UNI-NORTE,servico_avulso
V-010,CLI-002,2026-05-10,99.90,19:20,concluida,whatsapp,UNI-NORTE,servico_avulso
V-011,CLI-002,2026-06-10,109.90,19:14,concluida,loja,UNI-NORTE,servico_avulso
V-012,CLI-002,2026-07-10,109.90,19:22,cancelada,site,UNI-NORTE,servico_avulso
V-013,CLI-003,2026-08-01,220.00,10:00,concluida,site,UNI-CENTRO,pacote
V-014,CLI-003,2026-09-01,240.00,10:15,concluida,site,UNI-CENTRO,pacote
V-015,CLI-004,2026-08-10,59.90,07:40,concluida,loja,UNI-CENTRO,servico_avulso
V-016,CLI-004,2026-08-17,59.90,07:35,concluida,loja,UNI-CENTRO,servico_avulso
V-017,CLI-004,2026-08-24,64.90,07:50,concluida,loja,UNI-CENTRO,servico_avulso
V-018,CLI-004,2026-08-31,64.90,07:43,concluida,loja,UNI-CENTRO,servico_avulso
V-019,CLI-004,2026-09-07,64.90,07:46,concluida,loja,UNI-CENTRO,servico_avulso
V-020,CLI-005,2026-01-15,480.00,14:00,concluida,whatsapp,UNI-SUL,pacote
V-021,CLI-005,2026-04-15,510.00,14:10,concluida,whatsapp,UNI-SUL,pacote
V-022,CLI-005,2026-07-15,510.00,14:05,concluida,whatsapp,UNI-SUL,pacote